"17.02.2021 13:24:32.597";533441881;837625431;1;-227,343002;22,400000
"17.02.2021 13:24:33.694";533441881;837625431;1;-228,455994;20,500000
"17.02.2021 13:24:34.834";533441881;837625431;1;-226,582001;20,500000
"17.02.2021 13:24:35.956";533441881;837625431;1;-227,636002;20,400000
"17.02.2021 13:24:37.081";533441881;837625431;1;-226,464996;20,900000
"17.02.2021 13:24:38.233";533441881;837625431;1;-227,695007;20,700001
"17.02.2021 13:24:39.381";533441881;837625431;1;-227,636002;20,400000
"17.02.2021 13:24:40.528";533441881;837625431;1;-226,992004;20,799999
"17.02.2021 13:24:41.653";533441881;837625431;1;-227,811996;20,400000
"17.02.2021 13:24:42.771";533441881;837625431;1;-226,932999;20,200001
"17.02.2021 13:24:43.922";533441881;837625431;1;-229,451004;20,799999
"17.02.2021 13:24:45.070";533441881;837625431;1;-225,820999;21,299999
"17.02.2021 13:24:46.226";533441881;837625431;1;-227,929001;21,100000
"17.02.2021 13:24:47.448";533441881;837625431;1;-229,626999;20,200001
"17.02.2021 13:24:48.730";533441881;837625431;1;-229,158997;21,000000
"17.02.2021 13:24:49.885";533441881;837625431;1;-229,744003;21,000000
"17.02.2021 13:24:51.003";533441881;837625431;1;-229,041000;20,799999
"17.02.2021 13:24:52.129";533441881;837625431;1;-228,046005;21,200001
"17.02.2021 13:24:53.265";533441881;837625431;1;-228,046005;21,400000
"17.02.2021 13:24:54.412";533441881;837625431;1;-227,225998;21,200001
"17.02.2021 13:24:55.534";533441881;837625431;1;-227,167999;21,299999
"17.02.2021 13:24:56.667";533441881;837625431;1;-226,932999;21,200001
"17.02.2021 13:24:57.841";533441881;837625431;1;-228,865997;21,400000
"17.02.2021 13:24:59.248";533441881;837625431;1;-230,740005;20,299999
"17.02.2021 13:25:00.473";533441881;837625431;1;-229,334000;20,200001
"17.02.2021 13:25:01.749";533441881;837625431;1;-229,041000;20,400000
"17.02.2021 13:25:03.028";533441881;837625431;1;-229,977997;20,500000
"17.02.2021 13:25:04.266";533441881;837625431;1;-229,860992;20,100000
"17.02.2021 13:25:05.499";533441881;837625431;1;-230,270996;20,200001
"17.02.2021 13:25:06.753";533441881;837625431;1;-228,339005;20,900000
"17.02.2021 13:25:08.024";533441881;837625431;1;-228,279999;21,200001
"17.02.2021 13:25:09.349";533441881;837625431;1;-229,334000;20,799999
"17.02.2021 13:25:10.642";533441881;837625431;1;-228,923996;20,799999
"17.02.2021 13:25:11.956";533442837;837608776;1;-229,276001;20,500000
"17.02.2021 13:25:13.216";533442840;837608765;1;-228,865997;20,500000
"17.02.2021 13:25:14.587";533442840;837608752;1;-229,100006;20,700001
"17.02.2021 13:25:15.823";533442832;837608732;1;-228,807007;20,700001
"17.02.2021 13:25:17.133";533442824;837608706;1;-229,626999;20,000000
"17.02.2021 13:25:18.429";533442818;837608682;1;-228,983002;20,299999
"17.02.2021 13:25:19.684";533442807;837608644;1;-226,289001;21,200001
"17.02.2021 13:25:20.740";533442796;837608615;1;-228,222000;21,500000
"17.02.2021 13:25:22.217";533442782;837608575;1;-225,820999;21,299999
"17.02.2021 13:25:23.470";533442778;837608562;1;-226,289001;21,400000
"17.02.2021 13:25:24.712";533442775;837608558;1;-227,167999;21,600000
"17.02.2021 13:25:25.814";533442775;837608560;0;-230,914993;-1,000000
"17.02.2021 13:25:26.720";533442815;837608595;0;-233,024002;-1,000000
"17.02.2021 13:25:27.876";533442856;837608497;0;-234,018997;-1,000000
"17.02.2021 13:25:28.817";533442855;837608307;0;-243,037003;-1,000000
"17.02.2021 13:25:29.759";533442872;837608203;0;-236,947006;-1,000000
"17.02.2021 13:25:30.705";533442929;837608171;0;-235,776001;-1,000000
"17.02.2021 13:25:31.669";533442936;837608103;1;-231,384003;-1,000000
"17.02.2021 13:25:32.676";533442932;837608058;0;-233,785004;-1,000000
"17.02.2021 13:25:33.612";533442910;837608127;0;-240,811996;-1,000000
"17.02.2021 13:25:34.530";533442863;837608279;0;-237,240005;-1,000000
"17.02.2021 13:25:35.447";533442935;837608671;0;-245,438004;-1,000000
"17.02.2021 13:25:36.429";533443042;837609043;0;-239,992004;18,000000
"17.02.2021 13:25:37.477";533443263;837609650;0;-236,126999;-1,000000
"17.02.2021 13:25:38.475";533443370;837609863;0;-245,087006;-1,000000
"17.02.2021 13:25:39.390";533443550;837610124;0;-239,348007;-1,000000
"17.02.2021 13:25:40.334";533443768;837610352;0;-239,815994;-1,000000
"17.02.2021 13:25:41.270";533443978;837610515;0;-254,925003;-1,000000
"17.02.2021 13:25:42.176";533444108;837610603;0;-250,356995;-1,000000
"17.02.2021 13:25:43.098";533444285;837610803;0;-258,614014;-1,000000
"17.02.2021 13:25:44.020";533444443;837611119;0;-247,195007;-1,000000
"17.02.2021 13:25:44.976";533444550;837611390;0;-258,614014;-1,000000
"17.02.2021 13:25:45.902";533444648;837611834;0;-246,375000;-1,000000
"17.02.2021 13:25:46.853";533444708;837612197;0;-248,893005;-1,000000
"17.02.2021 13:25:47.770";533444816;837612513;0;-249,009995;-1,000000
"17.02.2021 13:25:48.692";533444986;837612843;0;-245,263000;-1,000000
"17.02.2021 13:25:49.647";533445129;837613091;0;-246,434006;-1,000000
"17.02.2021 13:25:50.565";533445359;837613530;0;-245,203995;-1,000000
"17.02.2021 13:25:51.499";533445624;837614004;0;-248,425003;-1,000000
"17.02.2021 13:25:52.464";533445885;837614480;0;-251,294006;-1,000000
"17.02.2021 13:25:53.389";533446043;837614816;0;-243,798996;-1,000000
"17.02.2021 13:25:54.339";533446257;837615252;0;-254,983994;-1,000000
"17.02.2021 13:25:55.252";533446404;837615572;0;-245,380005;-1,000000
"17.02.2021 13:25:56.174";533446479;837615767;0;-245,438004;-1,000000
"17.02.2021 13:25:57.100";533446609;837616028;0;-256,096008;-1,000000
"17.02.2021 13:25:58.032";533446782;837616368;0;-255,100998;-1,000000
"17.02.2021 13:25:58.938";533446959;837616734;0;-247,604996;-1,000000
"17.02.2021 13:25:59.917";533447083;837616996;0;-248,190994;-1,000000
"17.02.2021 13:26:00.872";533447270;837617406;0;-254,983994;-1,000000
"17.02.2021 13:26:01.820";533447396;837617697;0;-252,817001;-1,000000
"17.02.2021 13:26:02.762";533447505;837617923;0;-252,934006;-1,000000
"17.02.2021 13:26:03.698";533447615;837618082;0;-252,817001;-1,000000
"17.02.2021 13:26:04.633";533447742;837618446;0;-259,083008;-1,000000
"17.02.2021 13:26:05.549";533447854;837618972;0;-255,276001;-1,000000
"17.02.2021 13:26:06.485";533448014;837619469;0;-259,083008;-1,000000
"17.02.2021 13:26:07.393";533448169;837619787;0;-249,244995;-1,000000
"17.02.2021 13:26:08.357";533448315;837620212;0;-252,406998;-1,000000
"17.02.2021 13:26:09.292";533448338;837620598;0;-243,447006;-1,000000
"17.02.2021 13:26:10.208";533448311;837620963;0;-246,317001;-1,000000
"17.02.2021 13:26:11.151";533448248;837621253;0;-253,929001;-1,000000
"17.02.2021 13:26:12.089";533448033;837621756;0;-244,091003;-1,000000
"17.02.2021 13:26:13.023";533447708;837622133;0;-249,244995;-1,000000
"17.02.2021 13:26:13.962";533447353;837622316;0;-259,083008;-1,000000
"17.02.2021 13:26:14.876";533447130;837622407;0;-257,266998;-1,000000
"17.02.2021 13:26:15.806";533446816;837622622;0;-245,263000;-1,000000
"17.02.2021 13:26:16.767";533446534;837622984;0;-246,082001;-1,000000
"17.02.2021 13:26:17.689";533446408;837623443;0;-234,897003;-1,000000
"17.02.2021 13:26:18.614";533446376;837623756;0;-247,078003;-1,000000
"17.02.2021 13:26:19.558";533446285;837624125;0;-244,970001;-1,000000
"17.02.2021 13:26:20.470";533446052;837624375;0;-253,811996;-1,000000
"17.02.2021 13:26:21.407";533445825;837624558;0;-259,083008;-1,000000
"17.02.2021 13:26:22.321";533445421;837624884;0;-256,506012;-1,000000
"17.02.2021 13:26:23.255";533444972;837625344;0;-259,083008;-1,000000
"17.02.2021 13:26:24.222";533444543;837625853;0;-259,083008;-1,000000
"17.02.2021 13:26:25.160";533444124;837626400;0;-259,083008;-1,000000
"17.02.2021 13:26:26.113";533443860;837626734;0;-259,083008;-1,000000
"17.02.2021 13:26:27.038";533443544;837627140;0;-253,460999;-1,000000
"17.02.2021 13:26:27.980";533443357;837627494;0;-247,078003;-1,000000
"17.02.2021 13:26:28.932";533443144;837627794;0;-257,618988;-1,000000
"17.02.2021 13:26:29.925";533442923;837628041;0;-248,365997;-1,000000
"17.02.2021 13:26:30.909";533442779;837628189;0;-252,464996;-1,000000
"17.02.2021 13:26:31.848";533442525;837628309;0;-246,550995;-1,000000
"17.02.2021 13:26:32.782";533442239;837628328;0;-238,528000;-1,000000
"17.02.2021 13:26:33.720";533441923;837628332;0;-233,199005;-1,000000
"17.02.2021 13:26:34.708";533441636;837628334;0;-229,509995;-1,000000
"17.02.2021 13:26:35.958";533441351;837628327;1;-214,460007;17,400000
"17.02.2021 13:26:37.079";533440962;837628313;0;-223,067993;-1,000000
"17.02.2021 13:26:38.025";533440742;837628330;0;-230,388000;-1,000000
"17.02.2021 13:26:38.975";533440403;837628415;0;-233,082001;-1,000000
"17.02.2021 13:26:39.908";533440100;837628504;0;-237,356995;-1,000000
"17.02.2021 13:26:40.838";533439800;837628576;0;-236,537003;-1,000000
"17.02.2021 13:26:41.790";533439612;837628626;0;-240,811996;-1,000000
"17.02.2021 13:26:42.760";533439346;837628685;0;-232,438004;-1,000000
"17.02.2021 13:26:43.708";533439071;837628739;0;-241,104996;-1,000000
"17.02.2021 13:26:44.673";533438809;837628812;0;-232,671997;-1,000000
"17.02.2021 13:26:45.642";533438573;837628833;0;-188,927994;-1,000000
"17.02.2021 13:26:46.569";533438315;837628942;1;-195,720993;-1,000000
"17.02.2021 13:26:47.614";533438036;837629243;0;-214,401001;-1,000000
"17.02.2021 13:26:48.522";533437862;837629500;1;-209,834000;-1,000000
"17.02.2021 13:26:49.694";533437519;837630165;0;-207,608002;-1,000000
"17.02.2021 13:26:50.640";533437332;837630461;0;-209,541000;-1,000000
"17.02.2021 13:26:52.018";533430;-214,108994;18,400000
"17.02.2021 13:26:53.094";533436684;837631327;0;-225,585999;-1,000000
"17.02.2021 13:26:54.295";533436556;837631578;1;-202,044998;20,400000
"17.02.2021 13:26:55.540";533436548;837631723;1;-214,811005;19,600000
"17.02.2021 13:26:56.886";533436546;837631439;1;-214,753006;21,299999
"17.02.2021 13:26:58.290";533436601;837631090;1;-212,936996;21,299999
"17.02.2021 13:26:59.635";533436696;837630859;1;-203,041000;21,600000
"17.02.2021 13:27:00.991";533436769;837630792;1;-207,783997;21,799999
"17.02.2021 13:27:02.275";533436683;837630840;0;-187,404999;20,799999
"17.02.2021 13:27:03.328";533436554;837631253;0;-201,927994;-1,000000
"17.02.2021 13:27:04.258";533436515;837631808;0;-192,792999;-1,000000
"17.02.2021 13:27:05.222";533436602;837632847;0;-205,792999;-1,000000
"17.02.2021 13:27:06.162";533436847;837633752;0;-209,600006;-1,000000
"17.02.2021 13:27:07.094";533437159;837634582;0;-199,761002;-1,000000
"17.02.2021 13:27:08.004";533437398;837635155;0;-206,085999;-1,000000
"17.02.2021 13:27:08.964";533437795;837636158;0;-201,343002;-1,000000
"17.02.2021 13:27:09.958";533438108;837637232;0;-195,895996;-1,000000
"17.02.2021 13:27:10.925";533438515;837638444;0;-194,550003;-1,000000
"17.02.2021 13:27:11.846";533438935;837639695;0;-187,112000;-1,000000
"17.02.2021 13:27:12.802";533439258;837640590;0;-197,184998;-1,000000
"17.02.2021 13:27:13.749";533439822;837641972;0;-181,315002;-1,000000
"17.02.2021 13:27:14.658";533440412;837643228;0;-192,559006;-1,000000
"17.02.2021 13:27:15.609";533440940;837644388;0;-188,869003;-1,000000
"17.02.2021 13:27:16.557";533441417;837645529;0;-182,485992;-1,000000
"17.02.2021 13:27:17.481";533441758;837646390;0;-179,910004;-1,000000
"17.02.2021 13:27:18.417";533442244;837647576;0;-180,612000;-1,000000
"17.02.2021 13:27:19.380";533442727;837648754;0;-184,184006;-1,000000
"17.02.2021 13:27:20.311";533443045;837649619;0;-190,098999;-1,000000
"17.02.2021 13:27:21.228";533443499;837650802;0;-182,076004;-1,000000
"17.02.2021 13:27:22.149";533443927;837651805;0;-185,296997;-1,000000
"17.02.2021 13:27:23.080";533444253;837652791;0;-180,378006;-1,000000
"17.02.2021 13:27:23.988";533444454;837653428;0;-182,837997;-1,000000
"17.02.2021 13:27:24.920";533444812;837654292;0;-180,261002;-1,000000
"17.02.2021 13:27:25.826";533445131;837655092;0;-188,341995;-1,000000
"17.02.2021 13:27:26.780";533445336;837655973;0;-194,490997;-1,000000
"17.02.2021 13:27:27.701";533445430;837656532;0;-163,923004;-1,000000
"17.02.2021 13:27:28.980";533445828;837657294;1;-179,557999;21,799999
"17.02.2021 13:27:30.345";533446141;837657518;1;-199,468994;22,299999
"17.02.2021 13:27:31.673";533446195;837657356;1;-190,391998;24,200001
"17.02.2021 13:27:33.101";533446093;837656965;1;-184,886993;24,600000
"17.02.2021 13:27:34.349";533445950;837656762;1;-189,630997;24,000000
"17.02.2021 13:27:35.639";533445847;837656758;1;-183,949997;24,200001
"17.02.2021 13:27:36.944";533445811;837656832;1;-187,815002;25,799999
"17.02.2021 13:27:38.244";533445797;837656970;1;-182,602997;24,000000
"17.02.2021 13:27:39.477";533445799;837657064;1;-188,283997;23,600000
"17.02.2021 13:27:40.732";533445818;837657121;1;-183,656998;24,100000
"17.02.2021 13:27:42.074";533445858;837657175;1;-188,518005;24,100000
"17.02.2021 13:27:43.340";533445884;837657194;1;-186,585007;24,700001
"17.02.2021 13:27:44.626";533445894;837657182;1;-188,108002;24,500000
"17.02.2021 13:27:45.870";533445907;837657146;1;-194,960007;23,000000
"17.02.2021 13:27:47.167";533445920;837657120;1;-191,212006;23,299999
"17.02.2021 13:27:48.480";533445945;837657083;1;-190,742996;23,700001
"17.02.2021 13:27:49.809";533445957;837657012;1;-193,378006;23,799999
"17.02.2021 13:27:51.102";533445977;837656934;1;-195,955002;23,200001
"17.02.2021 13:27:52.399";533446028;837656886;1;-191,212006;23,799999
"17.02.2021 13:27:53.649";533446082;837656869;1;-192,440994;22,700001
"17.02.2021 13:27:54.966";533446151;837656866;1;-189,220993;21,799999
"17.02.2021 13:27:56.442";533446208;837656877;1;-188,985992;22,400000
"17.02.2021 13:27:57.728";533446230;837656874;1;-189,688995;24,200001
"17.02.2021 13:27:59.016";533446246;837656867;1;-188,751999;23,000000
"17.02.2021 13:28:00.270";533446265;837656851;1;-189,630997;23,799999
"17.02.2021 13:28:01.632";533446289;837656832;1;-187,347000;24,200001
"17.02.2021 13:28:03.018";533446318;837656818;1;-188,518005;22,000000
"17.02.2021 13:28:04.311";533446345;837656805;1;-189,981995;22,100000
"17.02.2021 13:28:05.504";533446357;837656803;1;-193,261002;23,100000
"17.02.2021 13:28:06.817";533446363;837656815;1;-194,373993;23,600000
"17.02.2021 13:28:08.157";533446351;837656836;1;-193,496002;22,700001
"17.02.2021 13:28:09.466";533446348;837656857;1;-198,707001;24,100000
"17.02.2021 13:28:10.775";533446359;837656901;1;-183,072006;25,000000
"17.02.2021 13:28:12.140";533446361;837656983;1;-166,968002;27,500000
"17.02.2021 13:28:13.336";533446399;837657108;0;-194,432007;18,500000
"17.02.2021 13:28:14.595";533446535;837657591;1;-160,819000;21,200001
"17.02.2021 13:28:16.056";533446750;837658442;1;-158,768997;21,500000
"17.02.2021 13:28:17.485";533447018;837659619;0;-182,369003;-1,000000
"17.02.2021 13:28:18.425";533447219;837660570;0;-191,095001;-1,000000
"17.02.2021 13:28:19.403";533447426;837661363;0;-180,671005;-1,000000
"17.02.2021 13:28:20.330";533447635;837661944;0;-190,860001;-1,000000
"17.02.2021 13:28:21.264";533447779;837662373;0;-196,130997;-1,000000
"17.02.2021 13:28:22.327";533447986;837663329;0;-211,298004;-1,000000
"17.02.2021 13:28:23.627";533447983;837663925;1;-210,477997;17,000000
"17.02.2021 13:28:24.942";533447777;837664287;1;-197,360001;17,700001
"17.02.2021 13:28:26.196";533447555;837664344;1;-204,914993;18,600000
"17.02.2021 13:28:27.530";533447500;837664321;1;-202,044998;18,500000
"17.02.2021 13:28:28.905";533447483;837664236;1;-208,779999;20,299999
"17.02.2021 13:28:30.166";533447334;837664169;1;-196,481995;18,500000
"17.02.2021 13:28:31.266";533447055;837664384;0;-193,671005;-1,000000
"17.02.2021 13:28:32.193";533446603;837664868;0;-188,341995;-1,000000
"17.02.2021 13:28:33.109";533446191;837665372;0;-184,770004;-1,000000
"17.02.2021 13:28:34.038";533445441;837666355;0;-188,811005;-1,000000
"17.02.2021 13:28:34.968";533444640;837667452;0;-198,707001;-1,000000
"17.02.2021 13:28:35.936";533443731;837668638;0;-192,675995;-1,000000
"17.02.2021 13:28:36.872";533443105;837669407;0;-195,544998;-1,000000
"17.02.2021 13:28:37.809";533442120;837670562;0;-186,410004;-1,000000
"17.02.2021 13:28:38.737";533441169;837671628;0;-194,608002;-1,000000
"17.02.2021 13:28:39.691";533440196;837672656;0;-179,382996;-1,000000
"17.02.2021 13:28:40.616";533439587;837673287;0;-190,684998;-1,000000
"17.02.2021 13:28:41.548";533438728;837674166;0;-166,675003;-1,000000
"17.02.2021 13:28:42.485";533437875;837675012;0;-169,779007;-1,000000
"17.02.2021 13:28:43.394";533437338;837675549;0;-182,662003;-1,000000
"17.02.2021 13:28:44.314";533436598;837676339;0;-190,216003;-1,000000
"17.02.2021 13:28:45.251";533435854;837677142;0;-174,815002;-1,000000
"17.02.2021 13:28:46.197";533435143;837677904;0;-172,472000;-1,000000
"17.02.2021 13:28:47.157";533434386;837678724;0;-163,923004;-1,000000
"17.02.2021 13:28:48.063";533433903;837679265;0;-182,076004;-1,000000
"17.02.2021 13:28:48.972";533433206;837680071;0;-192,675995;-1,000000
"17.02.2021 13:28:49.951";533432606;837680836;0;-195,720993;-1,000000
"17.02.2021 13:28:50.897";533432255;837681276;0;-186,936996;-1,000000
"17.02.2021 13:28:51.850";533431823;837681761;0;-187,522003;-1,000000
"17.02.2021 13:28:53.114";533431449;837682108;1;-172,647995;22,000000
"17.02.2021 13:28:54.514";533431251;837682182;1;-177,039993;25,700001
"17.02.2021 13:28:55.820";533431188;837682065;1;-182,192993;27,400000
"17.02.2021 13:28:57.119";533431214;837681925;1;-184,360001;25,400000
"17.02.2021 13:28:58.393";533431274;837681841;1;-183,774994;26,799999
"17.02.2021 13:28:59.658";533431324;837681778;1;-183,188995;26,799999
"17.02.2021 13:29:00.981";533431299;837681842;1;-184,535995;26,400000
"17.02.2021 13:29:02.314";533431193;837681925;1;-181,255997;22,299999
"17.02.2021 13:29:03.596";533431022;837682109;1;-187,347000;18,900000
"17.02.2021 13:29:04.623";533430784;837682374;0;-189,923004;-1,000000
"17.02.2021 13:29:05.551";533430414;837682866;0;-187,171005;-1,000000
"17.02.2021 13:29:06.466";533430112;837683308;0;-186,936996;-1,000000
"17.02.2021 13:29:07.390";533429601;837684041;0;-191,386993;-1,000000
"17.02.2021 13:29:08.306";533429054;837684787;0;-189,395996;-1,000000
"17.02.2021 13:29:09.239";533428679;837685176;0;-191,095001;-1,000000
"17.02.2021 13:29:10.151";533428099;837685700;0;-195,369003;-1,000000
"17.02.2021 13:29:11.051";533427492;837686293;0;-187,990997;-1,000000
"17.02.2021 13:29:11.963";533427077;837686716;0;-184,593994;-1,000000
"17.02.2021 13:29:12.883";533426444;837687390;0;-190,802002;-1,000000
"17.02.2021 13:29:13.817";533425766;837688154;0;-199,936996;-1,000000
"17.02.2021 13:29:14.726";533425110;837688927;0;-200,697998;-1,000000
"17.02.2021 13:29:15.647";533424646;837689426;0;-194,725006;-1,000000
"17.02.2021 13:29:16.577";533423923;837690126;0;-192,382996;-1,000000
"17.02.2021 13:29:17.496";533423205;837690864;0;-196,774994;-1,000000
"17.02.2021 13:29:18.432";533422747;837691403;0;-191,153000;-1,000000
"17.02.2021 13:29:19.373";533422072;837692181;0;-195,955002;-1,000000
"17.02.2021 13:29:20.281";533421359;837692990;0;-199,175995;-1,000000
"17.02.2021 13:29:21.235";533420665;837693797;0;-193,964005;-1,000000
"17.02.2021 13:29:22.188";533420209;837694357;0;-191,212006;-1,000000
"17.02.2021 13:29:23.101";533419526;837695189;0;-186,643997;-1,000000
"17.02.2021 13:29:24.013";533418868;837695943;0;-186,057999;-1,000000
"17.02.2021 13:29:24.926";533410;-170,598999;-1,000000
"17.02.2021 13:29:25.841";533417746;837697109;0;-173,878006;-1,000000
"17.02.2021 13:29:26.808";533417054;837697801;0;-175,809998;-1,000000
"17.02.2021 13:29:27.752";533416297;837698677;0;-162,576004;-1,000000
"17.02.2021 13:29:28.661";533415770;837699319;0;-175,869003;-1,000000
"17.02.2021 13:29:29.577";533414926;837700335;0;-162,751999;-1,000000
"17.02.2021 13:29:30.534";533414121;837701304;0;-144,481003;-1,000000
"17.02.2021 13:29:31.445";533413292;837702272;0;-159,764999;-1,000000
"17.02.2021 13:29:32.371";533412751;837702883;0;-143,720001;-1,000000
"17.02.2021 13:29:33.293";533411956;837703773;0;-150,511993;-1,000000
"17.02.2021 13:29:34.192";533411134;837704680;0;-156,544006;-1,000000
"17.02.2021 13:29:35.125";533410598;837705277;0;-161,755997;-1,000000
"17.02.2021 13:29:36.053";533409801;837706175;0;-156,192993;-1,000000
"17.02.2021 13:29:36.969";533408977;837707124;0;-160,057999;-1,000000
"17.02.2021 13:29:37.910";533408198;837708060;0;-170,891006;-1,000000
"17.02.2021 13:29:38.825";533407692;837708631;0;-163,806000;-1,000000
"17.02.2021 13:29:39.770";533406932;837709421;0;-162,692993;-1,000000
"17.02.2021 13:29:40.713";533406140;837710227;0;-175,692993;-1,000000
"17.02.2021 13:29:41.640";533405379;837711036;0;-163,923004;-1,000000
"17.02.2021 13:29:42.592";533404859;837711607;0;-143,427002;-1,000000
"17.02.2021 13:29:43.530";533404052;837712511;0;-155,899994;-1,000000
"17.02.2021 13:29:44.441";533403255;837713419;0;-152,210999;-1,000000
"17.02.2021 13:29:45.376";533402414;837714413;0;-150,921997;-1,000000
"17.02.2021 13:29:46.302";533401872;837715088;0;-155,432007;-1,000000
"17.02.2021 13:29:47.225";533401124;837716078;0;-168,315002;-1,000000
"17.02.2021 13:29:48.145";533400390;837716956;0;-153,792007;-1,000000
"17.02.2021 13:29:49.060";533399923;837717437;0;-158,828003;-1,000000
"17.02.2021 13:29:50.030";533399277;837718116;0;-171,770004;-1,000000
"17.02.2021 13:29:50.947";533398691;837718702;0;-181,255997;-1,000000
"17.02.2021 13:29:51.867";533398325;837719080;0;-163,570999;-1,000000
"17.02.2021 13:29:52.803";533397817;837719646;0;-172,824005;-1,000000
"17.02.2021 13:29:53.758";533397361;837720184;0;-159,589005;-1,000000
"17.02.2021 13:29:54.713";533396903;837720722;0;-148,931000;-1,000000
"17.02.2021 13:29:55.658";533396456;837721216;0;-140,029999;-1,000000
"17.02.2021 13:29:56.610";533396015;837721725;0;-127,322998;-1,000000
"17.02.2021 13:29:57.528";533395727;837722088;0;-137,981003;-1,000000
"17.02.2021 13:29:58.637";533395333;837722621;0;-140,498993;-1,000000
"17.02.2021 13:30:00.133";533394726;837723273;0;-150,278000;17,400000
"17.02.2021 13:30:01.139";533394399;837723541;1;-140,264008;-1,000000
"17.02.2021 13:30:02.515";533394024;837723986;1;-143,485001;19,700001
"17.02.2021 13:30:03.862";533393746;837724382;1;-115,494003;23,500000
"17.02.2021 13:30:05.245";533393531;837724622;1;-130,718994;22,200001
"17.02.2021 13:30:06.560";533393353;837724769;1;-135,755005;17,200001
"17.02.2021 13:30:07.960";533393163;837724901;0;-156,720001;17,900000
"17.02.2021 13:30:09.015";533392928;837725082;0;-145,358994;-1,000000
"17.02.2021 13:30:09.980";533392607;837725441;0;-145,242004;-1,000000
"17.02.2021 13:30:10.914";533392166;837726022;0;-153,792007;-1,000000
"17.02.2021 13:30:11.824";533391807;837726483;0;-141,669998;-1,000000
"17.02.2021 13:30:12.750";533391193;837727236;0;-135,638000;-1,000000
"17.02.2021 13:30:13.685";533390502;837728078;0;-133,296005;-1,000000
"17.02.2021 13:30:14.603";533390033;837728627;0;-128,962006;-1,000000
"17.02.2021 13:30:15.565";533389309;837729382;0;-130,074997;-1,000000
"17.02.2021 13:30:16.503";533388552;837730130;0;-167,026001;-1,000000
"17.02.2021 13:30:17.417";533387827;837730851;0;-159,531006;-1,000000
"17.02.2021 13:30:18.378";533387322;837731367;0;-158,067001;-1,000000
"17.02.2021 13:30:19.290";533386601;837732137;0;-156,953995;-1,000000
"17.02.2021 13:30:20.218";533385884;837732949;0;-155,139008;-1,000000
"17.02.2021 13:30:21.136";533380;-138,391006;-1,000000
"17.02.2021 13:30:22.064";533384564;837734599;0;-135,697006;-1,000000
"17.02.2021 13:30:22.990";533383731;837735723;0;-141,084000;-1,000000
"17.02.2021 13:30:23.904";533382835;837736844;0;-154,904007;-1,000000
"17.02.2021 13:30:24.839";533382282;837737479;0;-147,584000;-1,000000
"17.02.2021 13:30:25.791";533381546;837738272;0;-152,093994;-1,000000
"17.02.2021 13:30:26.711";533380863;837739049;0;-139,151993;-1,000000
"17.02.2021 13:30:27.647";533380296;837739714;0;-139,386002;-1,000000
"17.02.2021 13:30:28.869";533379878;837740138;1;-123,341003;19,799999
"17.02.2021 13:30:30.242";533379512;837740375;1;-131,772995;21,299999
"17.02.2021 13:30:31.482";533379382;837740392;1;-136,048004;23,500000
"17.02.2021 13:30:32.732";533379419;837740283;1;-135,169998;26,500000
"17.02.2021 13:30:34.039";533379503;837740121;1;-133,179001;28,000000
"17.02.2021 13:30:35.274";533379628;837739896;1;-135,755005;27,299999
"17.02.2021 13:30:36.571";533379756;837739777;1;-133,003006;28,900000
"17.02.2021 13:30:37.828";533379843;837739697;1;-135,755005;29,100000
"17.02.2021 13:30:39.181";533379863;837739691;1;-133,003006;30,600000
"17.02.2021 13:30:40.462";533379840;837739783;1;-137,570999;29,200001
"17.02.2021 13:30:41.771";533379795;837739922;1;-137,395004;30,299999
"17.02.2021 13:30:43.109";533379752;837740019;1;-138,098007;29,700001
"17.02.2021 13:30:44.405";533379713;837740070;1;-136,927002;29,200001
"17.02.2021 13:30:45.645";533379674;837740094;1;-137,804993;29,299999
"17.02.2021 13:30:46.939";533379650;837740106;1;-135,345001;30,299999
"17.02.2021 13:30:48.230";533379627;837740116;1;-135,520996;30,799999
"17.02.2021 13:30:49.513";533379622;837740112;1;-134,759995;30,299999
"17.02.2021 13:30:50.793";533379623;837740105;1;-136,692001;28,400000
"17.02.2021 13:30:52.122";533379622;837740105;1;-139,386002;26,500000
"17.02.2021 13:30:53.373";533379630;837740077;1;-134,115997;25,299999
"17.02.2021 13:30:54.707";533379632;837740050;1;-137,688004;25,000000
"17.02.2021 13:30:55.986";533379608;837740107;1;-139,912994;25,500000
"17.02.2021 13:30:57.327";533379560;837740164;1;-145,184006;26,400000
"17.02.2021 13:30:58.590";533379511;837740207;1;-146,003006;21,200001
"17.02.2021 13:30:59.866";533379397;837740262;1;-132,710007;19,700001
"17.02.2021 13:31:00.948";533379188;837740354;0;-154,729004;-1,000000
"17.02.2021 13:31:01.895";533378906;837740616;0;-148,931000;-1,000000
"17.02.2021 13:31:02.877";533378509;837741119;0;-152,738007;-1,000000
"17.02.2021 13:31:03.812";533377997;837741853;0;-141,319000;-1,000000
"17.02.2021 13:31:04.761";533377397;837742678;0;-138,332001;-1,000000
"17.02.2021 13:31:05.679";533376942;837743233;0;-169,837006;-1,000000
"17.02.2021 13:31:06.609";533376238;837743987;0;-173,643997;-1,000000
"17.02.2021 13:31:07.531";533375483;837744765;0;-151,098007;-1,000000
"17.02.2021 13:31:08.455";533374963;837745319;0;-146,764999;-1,000000
"17.02.2021 13:31:09.364";533374141;837746214;0;-146,940002;-1,000000
"17.02.2021 13:31:10.298";533373355;837747095;0;-153,792007;-1,000000
"17.02.2021 13:31:11.234";533372512;837747981;0;-126,209999;-1,000000
"17.02.2021 13:31:12.183";533371948;837748550;0;-122,168999;-1,000000
"17.02.2021 13:31:13.375";533370888;837749723;1;-102,025002;16,900000
"17.02.2021 13:31:14.668";533370016;837750820;1;-112,213997;18,400000
"17.02.2021 13:31:16.010";533369325;837751590;1;-112,566002;18,299999
"17.02.2021 13:31:17.145";533368898;837751957;0;-122,461998;-1,000000
"17.02.2021 13:31:18.083";533368516;837752249;0;-113,093002;-1,000000
"17.02.2021 13:31:19.031";533368157;837752566;0;-108,348999;-1,000000
"17.02.2021 13:31:19.974";533367915;837752823;0;-112,097000;-1,000000
"17.02.2021 13:31:20.933";533367518;837753291;0;-110,165001;-1,000000
"17.02.2021 13:31:21.875";533367036;837753918;0;-149,576004;-1,000000
"17.02.2021 13:31:22.798";533366494;837754604;0;-162,751999;-1,000000
"17.02.2021 13:31:23.731";533366096;837755112;0;-174,112000;-1,000000
"17.02.2021 13:31:24.667";533365472;837755907;0;-174,464005;-1,000000
"17.02.2021 13:31:25.614";533364876;837756632;0;-152,503998;-1,000000
"17.02.2021 13:31:26.549";533364273;837757272;0;-127,556999;-1,000000
"17.02.2021 13:31:27.476";533363909;837757625;0;-125,332001;-1,000000
"17.02.2021 13:31:28.428";533363418;837758083;0;-111,804001;-1,000000
"17.02.2021 13:31:29.378";533363025;837758456;0;-139,210007;-1,000000
"17.02.2021 13:31:30.306";533362687;837758800;0;-131,539001;-1,000000
"17.02.2021 13:31:31.258";533362489;837759012;0;-138,742004;-1,000000
"17.02.2021 13:31:32.188";533362178;837759304;0;-127,733002;-1,000000
"17.02.2021 13:31:33.408";533361819;837759786;1;-118,948997;18,400000
"17.02.2021 13:31:34.705";533361561;837760170;1;-129,664993;19,299999
"17.02.2021 13:31:36.075";533361307;837760351;1;-115,375999;19,799999
"17.02.2021 13:31:37.415";533361103;837760471;1;-122,695999;22,100000
"17.02.2021 13:31:38.718";533360936;837760576;1;-135,052994;22,100000
"17.02.2021 13:31:40.082";533360714;837760851;1;-131,304993;21,500000
"17.02.2021 13:31:41.374";533360467;837761233;1;-162,927002;21,600000
"17.02.2021 13:31:42.646";533360198;837761617;1;-139,503006;23,100000
"17.02.2021 13:31:44.064";533359913;837761949;1;-107,647003;25,600000
"17.02.2021 13:31:45.371";533359539;837762189;1;-140,966995;21,600000
"17.02.2021 13:31:46.430";533359168;837762481;0;-164,625000;-1,000000
"17.02.2021 13:31:47.378";533358794;837762957;0;-168,608002;-1,000000
"17.02.2021 13:31:48.321";533358348;837763560;0;-179,147995;-1,000000
"17.02.2021 13:31:49.272";533357971;837763960;0;-172,238007;-1,000000
"17.02.2021 13:31:50.210";533357379;837764648;0;-161,229004;-1,000000
"17.02.2021 13:31:51.134";533356748;837765441;0;-165,854996;-1,000000
"17.02.2021 13:31:52.138";533356081;837766174;0;-161,522003;-1,000000
"17.02.2021 13:31:53.080";533355352;837766922;0;-171,007996;-1,000000
"17.02.2021 13:31:54.047";533354856;837767453;0;-196,951004;-1,000000
"17.02.2021 13:31:54.976";533354090;837768304;0;-173,175003;-1,000000
"17.02.2021 13:31:55.918";533353251;837769277;0;-179,968002;-1,000000
"17.02.2021 13:31:56.834";533352384;837770331;0;-161,112000;-1,000000
"17.02.2021 13:31:57.772";533351809;837771033;0;-135,755005;-1,000000
"17.02.2021 13:31:58.710";533350993;837771991;0;-149,867996;-1,000000
"17.02.2021 13:31:59.681";533350201;837772826;0;-128,317993;-1,000000
"17.02.2021 13:32:00.616";533349446;837773574;0;-152,854996;-1,000000
"17.02.2021 13:32:01.540";533348936;837774117;0;-142,373001;-1,000000
"17.02.2021 13:32:02.487";533348166;837774993;0;-122,227997;-1,000000
"17.02.2021 13:32:03.406";533347419;837775863;0;-152,268997;-1,000000
"17.02.2021 13:32:04.352";533346625;837776868;0;-146,238007;-1,000000
"17.02.2021 13:32:05.279";533346102;837777567;0;-139,619995;-1,000000
"17.02.2021 13:32:06.211";533345320;837778575;0;-139,210007;-1,000000
"17.02.2021 13:32:07.114";533344508;837779543;0;-94,471001;-1,000000
"17.02.2021 13:32:08.047";533343705;837780387;0;-142,255997;-1,000000
"17.02.2021 13:32:09.003";533343167;837780928;0;-155,255997;-1,000000
"17.02.2021 13:32:09.978";533342345;837781726;0;-212,000000;-1,000000
"17.02.2021 13:32:10.915";533341533;837782519;0;-150,981003;-1,000000
"17.02.2021 13:32:11.860";533340773;837783316;0;-165,035004;-1,000000
"17.02.2021 13:32:12.788";533340288;837783889;0;-133,822998;-1,000000
"17.02.2021 13:32:13.747";533339637;837784751;0;-117,953003;-1,000000
"17.02.2021 13:32:14.662";533339084;837785421;0;-110,926003;-1,000000
"17.02.2021 13:32:15.589";533338516;837785944;0;-125,566002;-1,000000
"17.02.2021 13:32:16.529";533338233;837786186;0;-104,953003;-1,000000
"17.02.2021 13:32:17.486";533337865;837786550;0;-126,560997;-1,000000
"17.02.2021 13:32:18.833";533337535;837787024;1;-129,080002;19,799999
"17.02.2021 13:32:20.181";533337390;837787340;1;-141,319000;19,700001
"17.02.2021 13:32:21.498";533337346;837787343;1;-146,412994;24,600000
"17.02.2021 13:32:22.822";533337423;837787153;1;-145,242004;26,799999
"17.02.2021 13:32:24.195";533337526;837786946;1;-143,895004;26,000000
"17.02.2021 13:32:25.517";533337631;837786855;1;-143,134003;26,500000
"17.02.2021 13:32:26.796";533331;-143,778000;25,799999
"17.02.2021 13:32:28.171";533337694;837786925;1;-145,535004;25,500000
"17.02.2021 13:32:29.457";533337649;837786970;1;-149,048004;21,700001
"17.02.2021 13:32:30.699";533337464;837787067;1;-130,134003;20,799999
"17.02.2021 13:32:32.100";533337143;837787422;0;-140,733002;18,400000
"17.02.2021 13:32:33.165";533336785;837787901;0;-142,138000;-1,000000
"17.02.2021 13:32:34.087";533336330;837788537;0;-149,809998;-1,000000
"17.02.2021 13:32:35.036";533335842;837789239;0;-120,413002;-1,000000
"17.02.2021 13:32:35.984";533335477;837789715;0;-117,308998;-1,000000
"17.02.2021 13:32:36.901";533334904;837790418;0;-125,332001;-1,000000
"17.02.2021 13:32:37.851";533334360;837791045;0;-126,268997;-1,000000
"17.02.2021 13:32:38.781";533333807;837791627;0;-109,988998;-1,000000
"17.02.2021 13:32:39.775";533333245;837792157;0;-97,046997;-1,000000
"17.02.2021 13:32:40.707";533332881;837792507;0;-143,778000;-1,000000
"17.02.2021 13:32:41.676";533332367;837793056;0;-106,007004;-1,000000
"17.02.2021 13:32:42.586";533331855;837793606;0;-130,953003;-1,000000
"17.02.2021 13:32:43.518";533331324;837794148;0;-127,206001;-1,000000
"17.02.2021 13:32:44.433";533330918;837794556;0;-134,173996;-1,000000
"17.02.2021 13:32:45.355";533330302;837795238;0;-112,097000;-1,000000
"17.02.2021 13:32:46.265";533329895;837795741;0;-124,219002;-1,000000
"17.02.2021 13:32:47.200";533329214;837796576;0;-141,610992;-1,000000
"17.02.2021 13:32:48.136";533328506;837797476;0;-141,845993;-1,000000
"17.02.2021 13:32:49.092";533328053;837797984;0;-145,475998;-1,000000
"17.02.2021 13:32:50.019";533327300;837798787;0;-147,819000;-1,000000
"17.02.2021 13:32:50.969";533326596;837799574;0;-150,044006;-1,000000
"17.02.2021 13:32:51.931";533325930;837800307;0;-149,283005;-1,000000
"17.02.2021 13:32:52.850";533325475;837800793;0;-144,539001;-1,000000
"17.02.2021 13:32:53.794";533324788;837801524;0;-171,184006;-1,000000
"17.02.2021 13:32:54.708";533324115;837802254;0;-214,869995;-1,000000
"17.02.2021 13:32:55.628";533323408;837803033;0;-196,188995;-1,000000
"17.02.2021 13:32:56.548";533322925;837803588;0;-220,139999;-1,000000
"17.02.2021 13:32:57.501";533322161;837804480;0;-226,932999;-1,000000
"17.02.2021 13:32:58.481";533321371;837805432;0;-210,770996;-1,000000
"17.02.2021 13:32:59.391";533320531;837806459;0;-216,041000;-1,000000
"17.02.2021 13:33:00.299";533319928;837807171;0;-226,054993;-1,000000
"17.02.2021 13:33:01.248";533318976;837808282;0;-217,328995;-1,000000
"17.02.2021 13:33:02.161";533317927;837809532;0;-204,445999;-1,000000
"17.02.2021 13:33:03.120";533316907;837810754;0;-186,292999;-1,000000
"17.02.2021 13:33:04.036";533316215;837811567;0;-187,171005;-1,000000
"17.02.2021 13:33:04.955";533315201;837812749;0;-178,738007;-1,000000
"17.02.2021 13:33:05.864";533314286;837813786;0;-215,162994;-1,000000
"17.02.2021 13:33:06.811";533313681;837814428;0;-229,567993;-1,000000
"17.02.2021 13:33:07.720";533312802;837815363;0;-230,154007;-1,000000
"17.02.2021 13:33:08.676";533311957;837816264;0;-233,667999;-1,000000
"17.02.2021 13:33:09.592";533311201;837817156;0;-234,018997;-1,000000
"17.02.2021 13:33:10.510";533310713;837817749;0;-243,505997;-1,000000
"17.02.2021 13:33:11.442";533309988;837818589;0;-237,824997;-1,000000
"17.02.2021 13:33:12.416";533309315;837819316;0;-233,960007;-1,000000
"17.02.2021 13:33:13.363";533308645;837820013;0;-235,483002;-1,000000
"17.02.2021 13:33:14.293";533307994;837820713;0;-241,162994;-1,000000
"17.02.2021 13:33:15.203";533307557;837821227;0;-235,072998;-1,000000
"17.02.2021 13:33:16.152";533306912;837822038;0;-235,658997;-1,000000
"17.02.2021 13:33:17.071";533306335;837822864;0;-237,942993;-1,000000
"17.02.2021 13:33:18.027";533305927;837823482;0;-207,843002;-1,000000
"17.02.2021 13:33:18.980";533305386;837824400;0;-211,766006;-1,000000
"17.02.2021 13:33:19.924";533304851;837825393;0;-202,162003;-1,000000
"17.02.2021 13:33:20.882";533304257;837826487;0;-216,041000;-1,000000
"17.02.2021 13:33:21.852";533303614;837827647;0;-244,442993;-1,000000
"17.02.2021 13:33:22.797";533303181;837828451;0;-219,145004;-1,000000
"17.02.2021 13:33:23.753";533302555;837829650;0;-201,751999;-1,000000
"17.02.2021 13:33:24.707";533301897;837830809;0;-187,464005;-1,000000
"17.02.2021 13:33:25.651";533301195;837831857;0;-185,824005;-1,000000
"17.02.2021 13:33:26.588";533300732;837832461;0;-190,216003;-1,000000
"17.02.2021 13:33:27.504";533299940;837833435;0;-157,714996;-1,000000
"17.02.2021 13:33:28.622";533298908;837834713;0;-160,350998;-1,000000
"17.02.2021 13:33:29.902";533298152;837835611;1;-168,197998;18,400000
"17.02.2021 13:33:31.191";533297196;837836624;0;-167,845993;15,500000
"17.02.2021 13:33:32.153";533296515;837837293;0;-163,923004;-1,000000
"17.02.2021 13:33:33.093";533295917;837837895;0;-167,729004;-1,000000
"17.02.2021 13:33:34.042";533295546;837838293;0;-163,513000;-1,000000
"17.02.2021 13:33:34.956";533295051;837838889;0;-161,404999;-1,000000
"17.02.2021 13:33:36.293";533294578;837839562;1;-156,367996;21,799999
"17.02.2021 13:33:37.618";533294244;837839884;1;-174,112000;19,500000
"17.02.2021 13:33:38.901";533294091;837839980;1;-170,363998;22,799999
"17.02.2021 13:33:40.271";533294067;837839964;1;-181,548996;23,500000
"17.02.2021 13:33:41.590";533294153;837839885;1;-186,936996;24,700001
"17.02.2021 13:33:42.943";533294243;837839747;1;-177,684006;26,799999
"17.02.2021 13:33:44.276";533294312;837839687;1;-188,811005;26,299999
"17.02.2021 13:33:45.574";533294381;837839682;1;-187,404999;26,700001
"17.02.2021 13:33:47.144";533294411;837839738;1;-186,233994;27,100000
"17.02.2021 13:33:48.459";533294398;837839795;1;-186,761002;26,299999
"17.02.2021 13:33:49.750";533294363;837839866;1;-180,612000;27,100000
"17.02.2021 13:33:51.134";533294323;837839920;1;-181,373993;26,000000
"17.02.2021 13:33:52.406";533294298;837839943;1;-195,544998;24,400000
"17.02.2021 13:33:53.708";533294274;837839954;1;-185,589996;25,799999
"17.02.2021 13:33:55.107";533294258;837839952;1;-182,544998;25,900000
"17.02.2021 13:33:56.409";533294245;837839945;1;-189,162003;26,799999
"17.02.2021 13:33:57.672";533294233;837839939;1;-189,162003;26,500000
"17.02.2021 13:33:59.021";533294225;837839933;1;-186,410004;26,100000
"17.02.2021 13:34:00.331";533294221;837839935;1;-184,126007;27,600000
"17.02.2021 13:34:01.594";533294216;837839939;1;-183,188995;27,299999
"17.02.2021 13:34:02.876";533294208;837839943;1;-182,955002;27,200001
"17.02.2021 13:34:04.288";533294198;837839949;1;-185,063004;26,799999
"17.02.2021 13:34:05.657";533294188;837839956;1;-187,054001;25,400000
"17.02.2021 13:34:06.997";533294180;837839960;1;-186,057999;25,400000
"17.02.2021 13:34:08.392";533294169;837839959;1;-194,432007;24,299999
"17.02.2021 13:34:09.679";533294143;837839966;1;-185,940994;25,200001
"17.02.2021 13:34:11.012";533294119;837840011;1;-193,787994;26,299999
"17.02.2021 13:34:12.309";533294121;837840056;1;-194,080994;25,299999
"17.02.2021 13:34:13.522";533294097;837840065;1;-194,257004;23,700001
"17.02.2021 13:34:14.780";533294079;837840063;1;-182,662003;24,100000
"17.02.2021 13:34:16.171";533293930;837840069;1;-181,725006;20,299999
"17.02.2021 13:34:17.539";533293633;837840387;1;-183,306000;17,900000
"17.02.2021 13:34:18.900";533293364;837841039;1;-178,679993;19,500000
"17.02.2021 13:34:20.196";533292996;837841564;1;-185,531006;18,400000
"17.02.2021 13:34:21.473";533292719;837841950;1;-170,363998;19,400000
"17.02.2021 13:34:22.784";533292466;837842043;1;-183,130005;18,299999
"17.02.2021 13:34:24.146";533292273;837842099;1;-182,544998;18,000000
"17.02.2021 13:34:25.404";533292227;837842202;1;-181,783997;19,900000
"17.02.2021 13:34:26.656";533292182;837842282;1;-179,089996;20,900000
"17.02.2021 13:34:27.980";533292040;837842327;1;-172,940994;20,799999
"17.02.2021 13:34:29.262";533291756;837842582;1;-178,386993;19,700001
"17.02.2021 13:34:30.374";533291476;837843022;0;-165,796997;-1,000000
"17.02.2021 13:34:31.320";533291082;837843628;0;-185,121002;-1,000000
"17.02.2021 13:34:32.257";533290627;837844271;0;-166,557999;-1,000000
"17.02.2021 13:34:33.192";533290283;837844720;0;-181,959000;-1,000000
"17.02.2021 13:34:34.106";533289709;837845413;0;-180,729004;-1,000000
"17.02.2021 13:34:35.050";533289123;837846083;0;-172,647995;-1,000000
"17.02.2021 13:34:36.019";533288536;837846769;0;-184,419006;-1,000000
"17.02.2021 13:34:36.991";533288157;837847183;0;-180,904999;-1,000000
"17.02.2021 13:34:37.898";533287552;837847751;0;-165,445007;-1,000000
"17.02.2021 13:34:38.840";533286931;837848302;0;-176,455002;-1,000000
"17.02.2021 13:34:39.815";533286253;837849015;0;-173,233994;-1,000000
"17.02.2021 13:34:40.746";533285800;837849581;0;-181,841995;-1,000000
"17.02.2021 13:34:41.679";533285131;837850495;0;-174,464005;-1,000000
"17.02.2021 13:34:42.601";533284434;837851423;0;-183,949997;-1,000000
"17.02.2021 13:34:43.520";533283754;837852211;0;-180,026993;-1,000000
"17.02.2021 13:34:44.465";533283265;837852659;0;-185,647995;-1,000000
"17.02.2021 13:34:45.374";533282463;837853270;0;-184,828995;-1,000000
"17.02.2021 13:34:46.285";533281594;837853886;0;-193,847000;-1,000000
"17.02.2021 13:34:47.227";533280663;837854524;0;-179,500000;-1,000000
"17.02.2021 13:34:48.146";533279939;837855003;0;-176,395996;-1,000000
"17.02.2021 13:34:49.077";533278703;837855796;0;-176,572006;-1,000000
"17.02.2021 13:34:50.038";533277431;837856611;0;-176,102997;-1,000000
"17.02.2021 13:34:50.967";533276530;837857135;0;-175,869003;-1,000000
"17.02.2021 13:34:51.941";533275109;837857862;0;-178,679993;-1,000000
"17.02.2021 13:34:52.865";533273715;837858443;0;-167,436005;-1,000000
"17.02.2021 13:34:53.822";533272271;837858922;0;-169,134995;-1,000000
"17.02.2021 13:34:54.780";533270876;837859362;0;-182,720001;-1,000000
"17.02.2021 13:34:55.746";533269459;837859850;0;-99,154999;-1,000000
"17.02.2021 13:34:56.664";533268553;837860162;0;-156,309998;-1,000000
"17.02.2021 13:34:57.627";533267160;837860584;0;-115,200996;-1,000000
"17.02.2021 13:34:58.573";533265780;837860988;0;-100,444000;-1,000000
"17.02.2021 13:34:59.485";533264813;837861301;0;-113,267998;-1,000000
"17.02.2021 13:35:00.432";533263302;837861853;0;-114,967003;-1,000000
"17.02.2021 13:35:01.357";533261809;837862438;0;-100,560997;-1,000000
"17.02.2021 13:35:02.268";533260211;837863067;0;-113,620003;-1,000000
"17.02.2021 13:35:03.241";533258655;837863690;0;-115,259003;-1,000000
"17.02.2021 13:35:04.182";533257515;837864125;0;-142,313995;-1,000000
"17.02.2021 13:35:05.128";533255899;837864694;0;-139,445007;-1,000000
"17.02.2021 13:35:06.073";533254293;837865241;0;-139,619995;-1,000000
"17.02.2021 13:35:07.036";533252647;837865810;0;-110,750000;-1,000000
"17.02.2021 13:35:08.010";533251580;837866179;0;-84,164001;-1,000000
"17.02.2021 13:35:09.164";533249440;837867027;0;-124,512001;-1,000000
"17.02.2021 13:35:10.076";533247802;837867724;1;-98,627998;16,100000
"17.02.2021 13:35:11.485";533245658;837868606;1;-104,426003;16,100000
"17.02.2021 13:35:12.658";533244089;837869229;0;-115,903999;-1,000000
"17.02.2021 13:35:13.580";533242491;837869814;0;-129,138000;-1,000000
"17.02.2021 13:35:14.487";533240983;837870340;0;-127,556999;-1,000000
"17.02.2021 13:35:15.426";533239972;837870685;0;-135,110992;-1,000000
"17.02.2021 13:35:16.334";533238459;837871182;0;-140,966995;-1,000000
"17.02.2021 13:35:17.264";533237028;837871695;0;-188,108002;-1,000000
"17.02.2021 13:35:18.397";533235577;837872243;1;-156,134003;19,600000
"17.02.2021 13:35:19.704";533233787;837872937;1;-152,796005;24,299999
"17.02.2021 13:35:20.863";533232499;837873354;0;-190,802002;-1,000000
"17.02.2021 13:35:21.849";533231247;837873749;0;-154,376999;-1,000000
"17.02.2021 13:35:23.095";533229740;837874286;1;-159,354996;22,299999
"17.02.2021 13:35:24.417";533228242;837874728;1;-175,341995;20,500000
"17.02.2021 13:35:25.634";533227178;837875026;0;-227,285004;15,700000
"17.02.2021 13:35:26.750";533225706;837875515;0;-211,414993;17,400000
"17.02.2021 13:35:27.817";533224547;837876005;0;-224,005005;-1,000000
"17.02.2021 13:35:28.758";533223767;837876354;0;-219,496002;-1,000000
"17.02.2021 13:35:29.693";533222541;837876884;0;-241,455994;-1,000000
"17.02.2021 13:35:30.596";533221323;837877352;0;-247,546005;-1,000000
"17.02.2021 13:35:31.518";533220075;837877792;0;-252,817001;-1,000000
"17.02.2021 13:35:32.433";533219214;837878099;0;-253,285004;-1,000000
"17.02.2021 13:35:33.380";533217878;837878597;0;-256,915985;-1,000000
"17.02.2021 13:35:34.293";533216577;837879098;0;-259,083008;-1,000000
"17.02.2021 13:35:35.228";533215711;837879435;0;-250,884003;-1,000000
"17.02.2021 13:35:36.130";533214454;837879931;0;-254,807999;-1,000000
"17.02.2021 13:35:37.048";533213241;837880310;0;-257,266998;-1,000000
"17.02.2021 13:35:38.040";533211994;837880549;0;-259,023987;-1,000000
"17.02.2021 13:35:38.952";533211192;837880593;0;-250,591995;-1,000000
"17.02.2021 13:35:39.928";533209968;837880534;0;-259,083008;-1,000000
"17.02.2021 13:35:40.835";533208816;837880369;0;-259,083008;-1,000000
"17.02.2021 13:35:41.766";533207687;837880089;0;-253,578003;-1,000000
"17.02.2021 13:35:42.727";533200;-253,227005;-1,000000
"17.02.2021 13:35:43.680";533205866;837879263;0;-226,231003;-1,000000
"17.02.2021 13:35:44.614";533204785;837878533;0;-237,298004;-1,000000
"17.02.2021 13:35:45.549";533203787;837877727;0;-226,054993;-1,000000
"17.02.2021 13:35:46.519";533202795;837876815;0;-214,225998;-1,000000
"17.02.2021 13:35:47.444";533202189;837876228;0;-215,923996;-1,000000
"17.02.2021 13:35:48.376";533201347;837875383;0;-243,563995;-1,000000
"17.02.2021 13:35:49.312";533200563;837874582;0;-220,139999;-1,000000
"17.02.2021 13:35:50.248";533199825;837873782;0;-222,658005;-1,000000
"17.02.2021 13:35:51.184";533199367;837873278;0;-230,447006;-1,000000
"17.02.2021 13:35:52.420";533198494;837872343;1;-189,688995;22,000000
"17.02.2021 13:35:53.677";533197574;837871389;1;-171,184006;22,100000
"17.02.2021 13:35:54.826";533196881;837870642;0;-183,365005;-1,000000
"17.02.2021 13:35:56.063";533195852;837869477;1;-153,733002;21,799999
"17.02.2021 13:35:57.348";533195059;837868571;1;-156,076004;19,600000
"17.02.2021 13:35:58.560";533193965;837867369;1;-151,391006;25,600000
"17.02.2021 13:35:59.818";533192882;837866149;1;-144,188004;25,700001
"17.02.2021 13:36:01.152";533191792;837864928;1;-142,606995;21,200001
"17.02.2021 13:36:02.473";533191067;837864107;1;-150,220001;21,799999
"17.02.2021 13:36:03.838";533190057;837862963;1;-150,395004;21,500000
"17.02.2021 13:36:05.218";533189028;837861777;1;-154,376999;17,700001
"17.02.2021 13:36:06.522";533187941;837860541;1;-140,557007;22,600000
"17.02.2021 13:36:07.741";533186890;837859382;1;-150,921997;23,500000
"17.02.2021 13:36:09.200";533185736;837858132;1;-145,593002;21,400000
"17.02.2021 13:36:10.520";533184548;837856867;1;-144,656006;20,299999
"17.02.2021 13:36:11.818";533183497;837855738;1;-142,783005;20,500000
"17.02.2021 13:36:13.179";533182361;837854466;1;-145,593002;22,200001
"17.02.2021 13:36:14.458";533181;-156,660995;21,200001
"17.02.2021 13:36:15.763";533180419;837852345;1;-142,490005;22,600000
"17.02.2021 13:36:17.088";533179377;837851211;1;-131,246002;22,000000
"17.02.2021 13:36:18.407";533178341;837849988;1;-151,332001;22,299999
"17.02.2021 13:36:19.669";533177333;837848749;1;-145,768997;21,600000
"17.02.2021 13:36:21.025";533176315;837847568;1;-165,679993;17,799999
"17.02.2021 13:36:22.170";533175608;837846766;0;-155,606995;-1,000000
"17.02.2021 13:36:23.336";533174904;837845984;1;-175,283005;21,000000
"17.02.2021 13:36:24.673";533174113;837845104;0;-194,667007;-1,000000
"17.02.2021 13:36:25.610";533173591;837844550;0;-154,259995;-1,000000
"17.02.2021 13:36:26.518";533173054;837843942;1;-163,746994;-1,000000
"17.02.2021 13:36:27.892";533172356;837843237;1;-154,319000;19,299999
"17.02.2021 13:36:29.203";533171576;837842437;1;-158,477005;18,200001
"17.02.2021 13:36:30.506";533170666;837841506;1;-146,764999;16,900000
"17.02.2021 13:36:31.570";533169881;837840667;0;-168,841995;-1,000000
"17.02.2021 13:36:32.543";533169019;837839715;0;-166,089005;-1,000000
"17.02.2021 13:36:33.717";533168133;837838739;1;-154,259995;19,299999
"17.02.2021 13:36:34.867";533167213;837837720;0;-146,822998;-1,000000
"17.02.2021 13:36:35.799";533166232;837836634;0;-133,880997;-1,000000
"17.02.2021 13:36:37.012";533164925;837835194;1;-131,421997;22,000000
"17.02.2021 13:36:38.377";533163590;837833752;1;-144,774002;18,400000
"17.02.2021 13:36:39.724";533162246;837832261;1;-141,727997;21,600000
"17.02.2021 13:36:41.126";533160879;837830724;1;-142,783005;21,200001
"17.02.2021 13:36:42.461";533159538;837829235;1;-137,453995;20,100000
"17.02.2021 13:36:43.725";533158552;837828158;1;-138,625000;21,600000
"17.02.2021 13:36:45.048";533157354;837826901;1;-148,990005;21,299999
"17.02.2021 13:36:46.356";533156271;837825848;1;-180,612000;17,299999
"17.02.2021 13:36:47.649";533155370;837824964;1;-148,520996;21,799999
"17.02.2021 13:36:49.044";533154580;837824188;1;-157,130005;21,100000
"17.02.2021 13:36:50.362";533153762;837823339;1;-165,561996;23,500000
"17.02.2021 13:36:51.663";533152928;837822442;1;-161,229004;21,299999
"17.02.2021 13:36:52.989";533151964;837821358;1;-143,309998;24,100000
"17.02.2021 13:36:54.211";533151140;837820359;1;-168,139008;22,400000
"17.02.2021 13:36:55.448";533149972;837818899;1;-156,720001;22,799999
"17.02.2021 13:36:56.725";533148759;837817394;1;-158,007996;21,799999
"17.02.2021 13:36:58.088";533147491;837815886;1;-151,742004;23,200001
"17.02.2021 13:36:59.411";533141;-159,296005;21,000000
"17.02.2021 13:37:00.698";533145263;837813354;1;-149,751007;23,200001
"17.02.2021 13:37:02.168";533143644;837811567;1;-155,783005;20,500000
"17.02.2021 13:37:03.468";533141;-159,647995;20,700001
"17.02.2021 13:37:04.711";533141424;837809187;1;-155,606995;20,900000
"17.02.2021 13:37:06.024";533140156;837807776;1;-163,981003;21,500000
"17.02.2021 13:37:07.357";533138865;837806333;1;-157,363998;21,700001
"17.02.2021 13:37:08.801";533137547;837804911;1;-158,477005;23,299999
"17.02.2021 13:37:10.202";533136314;837803592;1;-166,850998;18,900000
"17.02.2021 13:37:11.506";533135093;837802291;1;-164,098007;17,900000
"17.02.2021 13:37:12.982";533133886;837801019;1;-163,630005;19,600000
"17.02.2021 13:37:14.262";533132694;837799776;1;-158,828003;21,400000
"17.02.2021 13:37:15.539";533131491;837798508;1;-163,395996;20,100000
"17.02.2021 13:37:16.830";533130271;837797284;1;-174,639008;20,200001
"17.02.2021 13:37:18.217";533129104;837796122;1;-147,175003;22,200001
"17.02.2021 13:37:19.485";533127980;837794895;1;-149,223999;21,799999
"17.02.2021 13:37:20.743";533127112;837793910;1;-125,859001;24,700001
"17.02.2021 13:37:22.076";533125917;837792567;1;-148,639008;19,600000
"17.02.2021 13:37:23.391";533124698;837791140;1;-135,638000;20,000000
"17.02.2021 13:37:24.719";533123479;837789661;0;-124,688004;-1,000000
"17.02.2021 13:37:25.626";533122858;837788901;0;-121,174004;-1,000000
"17.02.2021 13:37:26.882";533121594;837787402;1;-130,602005;26,000000
"17.02.2021 13:37:28.157";533120321;837786006;1;-136,223999;24,299999
"17.02.2021 13:37:29.426";533119171;837784975;1;-107,120003;27,700001
"17.02.2021 13:37:30.785";533118124;837784464;1;-99,038002;26,799999
"17.02.2021 13:37:32.127";533117206;837784564;1;-149,048004;23,600000
"17.02.2021 13:37:33.434";533116680;837784990;1;-174,112000;20,799999
"17.02.2021 13:37:34.677";533116073;837785844;0;-169,720001;-1,000000
"17.02.2021 13:37:35.912";533115577;837786779;1;-156,016998;19,100000
"17.02.2021 13:37:37.089";533115203;837787559;0;-191,386993;-1,000000
"17.02.2021 13:37:38.293";533114693;837788597;0;-200,873993;-1,000000
"17.02.2021 13:37:39.239";533114449;837789056;0;-175,283005;-1,000000
"17.02.2021 13:37:40.175";533114037;837789582;0;-164,684006;-1,000000
"17.02.2021 13:37:41.372";533113431;837789872;1;-119,007004;25,200001
"17.02.2021 13:37:42.708";533112800;837789718;1;-91,307999;30,299999
"17.02.2021 13:37:44.110";533112131;837789380;1;-104,660004;32,099998
"17.02.2021 13:37:45.431";533111376;837788829;1;-123,515999;28,100000
"17.02.2021 13:37:46.794";533110504;837787967;1;-123,692001;18,700001
"17.02.2021 13:37:48.192";533109513;837786870;1;-138,272995;17,799999
"17.02.2021 13:37:49.493";533108419;837785592;1;-129,606995;19,500000
"17.02.2021 13:37:50.833";533107236;837784201;1;-146,705994;19,500000
"17.02.2021 13:37:52.115";533106275;837783092;1;-133,589005;18,600000
"17.02.2021 13:37:53.397";533104950;837781614;1;-142,664993;18,299999
"17.02.2021 13:37:54.466";533103932;837780496;1;-137,453995;-1,000000
"17.02.2021 13:37:55.804";533102492;837778944;1;-148,697006;18,400000
"17.02.2021 13:37:57.039";533101017;837777369;0;-143,720001;-1,000000
"17.02.2021 13:37:57.978";533100227;837776513;0;-160,233002;-1,000000
"17.02.2021 13:37:58.890";533099145;837775320;0;-169,251999;-1,000000
"17.02.2021 13:37:59.853";533098038;837774055;0;-160,526001;-1,000000
"17.02.2021 13:38:00.904";533096978;837772817;0;-159,940994;-1,000000
"17.02.2021 13:38:01.840";533095910;837771472;0;-130,485001;-1,000000
"17.02.2021 13:38:02.775";533094908;837770091;0;-165,621002;-1,000000
"17.02.2021 13:38:03.713";533094252;837769062;0;-163,570999;-1,000000
"17.02.2021 13:38:04.622";533093317;837767377;0;-197,009003;-1,000000
"17.02.2021 13:38:05.574";533092498;837765720;0;-193,904999;-1,000000
"17.02.2021 13:38:06.504";533091696;837763899;0;-203,919006;-1,000000
"17.02.2021 13:38:07.405";533091208;837762679;0;-189,337997;-1,000000
"17.02.2021 13:38:08.343";533090509;837760847;0;-212,468994;-1,000000
"17.02.2021 13:38:09.293";533089899;837759146;0;-208,076996;-1,000000
"17.02.2021 13:38:10.219";533089489;837757976;0;-201,576996;-1,000000
"17.02.2021 13:38:11.137";533088947;837756465;0;-204,679993;-1,000000
"17.02.2021 13:38:12.067";533088430;837755095;0;-189,688995;-1,000000
"17.02.2021 13:38:13.015";533087921;837753807;0;-202,630997;-1,000000
"17.02.2021 13:38:13.961";533087599;837753022;0;-218,324997;-1,000000
"17.02.2021 13:38:14.893";533087143;837751924;0;-181,373993;-1,000000
"17.02.2021 13:38:16.150";533086550;837750549;1;-166,382004;18,299999
"17.02.2021 13:38:17.413";533086028;837749343;1;-159,998993;19,299999
"17.02.2021 13:38:18.701";533085685;837748557;1;-178,563004;23,100000
"17.02.2021 13:38:20.079";533085333;837747779;1;-190,567993;23,400000
"17.02.2021 13:38:21.441";533085118;837747289;1;-163,220001;23,000000
"17.02.2021 13:38:22.698";533085018;837747070;1;-155,313995;29,000000
"17.02.2021 13:38:24.162";533084999;837747059;1;-148,639008;30,100000
"17.02.2021 13:38:25.397";533085045;837747204;1;-150,804993;29,900000
"17.02.2021 13:38:26.667";533085109;837747346;1;-152,386002;31,500000
"17.02.2021 13:38:28.174";533085171;837747459;1;-152,796005;32,099998
"17.02.2021 13:38:29.546";533085211;837747517;1;-153,615997;34,200001
"17.02.2021 13:38:30.811";533085219;837747508;1;-153,850006;35,299999
"17.02.2021 13:38:32.152";533085206;837747454;1;-155,666000;35,599998
"17.02.2021 13:38:33.502";533085185;837747387;1;-149,283005;38,700001
"17.02.2021 13:38:34.809";533085152;837747298;1;-153,089005;39,400002
"17.02.2021 13:38:36.157";533085060;837747089;1;-152,328003;32,299999
"17.02.2021 13:38:37.571";533084856;837746634;1;-166,733994;27,100000
"17.02.2021 13:38:38.882";533084543;837745936;1;-165,796997;23,000000
"17.02.2021 13:38:40.215";533084083;837744852;1;-149,223999;25,500000
"17.02.2021 13:38:41.583";533083489;837743445;1;-138,625000;22,600000
"17.02.2021 13:38:42.806";533082952;837742171;1;-144,539001;19,400000
"17.02.2021 13:38:44.102";533082157;837740281;1;-151,039993;19,100000
"17.02.2021 13:38:45.391";533081276;837738176;1;-146,179001;19,700001
"17.02.2021 13:38:46.457";533080569;837736467;0;-179,968002;-1,000000
"17.02.2021 13:38:47.367";533079867;837734733;0;-172,882004;-1,000000
"17.02.2021 13:38:48.306";533079347;837733426;0;-178,856003;-1,000000
"17.02.2021 13:38:49.250";533078598;837731550;0;-175,576004;-1,000000
"17.02.2021 13:38:50.452";533077520;837728773;1;-164,625000;17,100000
"17.02.2021 13:38:51.705";533076702;837726612;1;-161,052994;21,000000
"17.02.2021 13:38:52.804";533075901;837724488;0;-143,192001;-1,000000
"17.02.2021 13:38:53.853";533075072;837722329;0;-139,035004;-1,000000
"17.02.2021 13:38:55.192";533074017;837719590;1;-133,179001;17,600000
"17.02.2021 13:38:56.246";533073212;837717563;0;-161,287994;-1,000000
"17.02.2021 13:38:57.181";533072400;837715572;0;-154,494995;-1,000000
"17.02.2021 13:38:58.106";533071602;837713674;0;-170,716003;-1,000000
"17.02.2021 13:38:59.042";533071081;837712488;0;-163,981003;-1,000000
"17.02.2021 13:38:59.996";533070208;837710836;0;-160,585007;-1,000000
"17.02.2021 13:39:00.954";533069243;837709408;0;-195,487000;-1,000000
"17.02.2021 13:39:01.958";533068259;837708093;0;-200,464005;-1,000000
"17.02.2021 13:39:02.963";533067261;837706890;0;-190,391998;-1,000000
"17.02.2021 13:39:03.890";533066182;837705736;0;-177,274002;-1,000000
"17.02.2021 13:39:05.213";533065136;837704702;0;-154,729004;16,700001
"17.02.2021 13:39:06.168";533064065;837703646;0;-176,220001;-1,000000
"17.02.2021 13:39:07.104";533063006;837702558;0;-214,576996;-1,000000
"17.02.2021 13:39:08.046";533061993;837701499;0;-197,595001;-1,000000
"17.02.2021 13:39:08.974";533060945;837700370;0;-168,315002;-1,000000
"17.02.2021 13:39:09.928";533060261;837699620;0;-145,710999;-1,000000
"17.02.2021 13:39:11.160";533058886;837698129;0;-143,544006;-1,000000
"17.02.2021 13:39:12.099";533057861;837696981;0;-130,602005;-1,000000
"17.02.2021 13:39:13.125";533056879;837695883;0;-149,692993;-1,000000
"17.02.2021 13:39:14.075";533056207;837695147;0;-169,662003;-1,000000
"17.02.2021 13:39:14.970";533055186;837694044;0;-130,251007;-1,000000
"17.02.2021 13:39:16.279";533053885;837692623;1;-134,057007;19,900000
"17.02.2021 13:39:17.558";533052573;837691165;1;-117,953003;20,799999
"17.02.2021 13:39:18.881";533051718;837690197;1;-103,839996;20,500000
"17.02.2021 13:39:20.126";533050499;837688862;1;-108,584000;21,000000
"17.02.2021 13:39:21.450";533049370;837687697;1;-118,186996;19,700001
"17.02.2021 13:39:22.624";533048568;837686868;0;-128,084000;-1,000000
"17.02.2021 13:39:23.548";533047765;837685999;0;-119,827003;-1,000000
"17.02.2021 13:39:24.494";533047010;837685166;0;-151,625000;-1,000000
"17.02.2021 13:39:25.409";533046177;837684230;0;-185,296997;-1,000000
"17.02.2021 13:39:26.326";533045613;837683595;0;-186,643997;-1,000000
"17.02.2021 13:39:27.279";533044767;837682648;0;-190,567993;-1,000000
"17.02.2021 13:39:28.204";533043860;837681655;0;-197,770004;-1,000000
"17.02.2021 13:39:29.144";533043286;837681012;1;-121,760002;19,700001
"17.02.2021 13:39:30.617";533041816;837679383;1;-94,528999;24,100000
"17.02.2021 13:39:32.036";533040607;837678082;1;-121,349998;22,299999
"17.02.2021 13:39:33.348";533039444;837676844;0;-150,044006;18,100000
"17.02.2021 13:39:34.399";533038607;837675961;0;-150,746994;-1,000000
"17.02.2021 13:39:35.552";533037844;837675159;0;-158,886993;-1,000000
"17.02.2021 13:39:36.802";533036984;837674278;1;-124,570000;21,200001
"17.02.2021 13:39:38.130";533036259;837673613;1;-141,669998;23,299999
"17.02.2021 13:39:39.401";533035776;837673193;1;-134,526001;25,700001
"17.02.2021 13:39:40.803";533035558;837673030;1;-120,647003;27,900000
"17.02.2021 13:39:42.205";533035479;837673042;1;-121,291000;30,900000
"17.02.2021 13:39:43.486";533035522;837673154;1;-121,994003;29,600000
"17.02.2021 13:39:44.754";533035606;837673252;1;-121,818001;31,299999
"17.02.2021 13:39:46.081";533035700;837673360;1;-119,475998;34,200001
"17.02.2021 13:39:47.402";533035765;837673416;1;-121,525002;33,900002
"17.02.2021 13:39:48.752";533035793;837673432;1;-121,760002;33,400002
"17.02.2021 13:39:50.117";533035784;837673419;1;-121,994003;35,200001
"17.02.2021 13:39:51.350";533035764;837673393;1;-122,227997;35,000000
"17.02.2021 13:39:52.644";533035726;837673353;1;-121,876999;34,700001
"17.02.2021 13:39:53.968";533035684;837673319;1;-121,934998;34,799999
"17.02.2021 13:39:55.237";533035646;837673295;1;-119,475998;35,400002
"17.02.2021 13:39:56.650";533035612;837673284;1;-121,700996;37,099998
"17.02.2021 13:39:58.048";533035587;837673285;1;-121,818001;36,900002
"17.02.2021 13:39:59.356";533035575;837673287;1;-121,700996;36,400002
"17.02.2021 13:40:00.628";533035569;837673292;1;-122,638000;35,400002
"17.02.2021 13:40:02.081";533035566;837673297;1;-121,641998;36,299999
"17.02.2021 13:40:03.346";533035562;837673305;1;-121,641998;37,000000
"17.02.2021 13:40:04.597";533035561;837673309;1;-122,695999;37,500000
"17.02.2021 13:40:06.002";533035550;837673310;1;-119,124001;36,000000
"17.02.2021 13:40:07.331";533035474;837673263;1;-120,880997;31,700001
"17.02.2021 13:40:08.581";533035294;837673128;1;-110,106003;32,099998
"17.02.2021 13:40:09.937";533034891;837672835;1;-121,584000;27,600000
"17.02.2021 13:40:11.273";533034307;837672448;1;-150,160995;19,700001
"17.02.2021 13:40:12.481";533033693;837671874;1;-145,710999;21,299999
"17.02.2021 13:40:13.773";533033361;837671331;0;-163,630005;21,200001
"17.02.2021 13:40:15.084";533033126;837670592;1;-140,440002;20,500000
"17.02.2021 13:40:16.147";533030;-192,792999;-1,000000
"17.02.2021 13:40:17.358";533033423;837669136;1;-147,876999;18,799999
"17.02.2021 13:40:18.630";533033853;837668347;1;-132,535004;21,600000
"17.02.2021 13:40:19.948";533034328;837667613;1;-131,304993;24,799999
"17.02.2021 13:40:21.299";533034874;837667178;1;-137,218994;25,000000
"17.02.2021 13:40:22.630";533035247;837667149;1;-161,639008;21,200001
"17.02.2021 13:40:24.086";533035751;837667443;1;-151,858994;20,799999
"17.02.2021 13:40:25.377";533036079;837667892;1;-136,281998;20,500000
"17.02.2021 13:40:26.672";533036551;837668679;1;-136,634003;19,799999
"17.02.2021 13:40:28.136";533037203;837669601;1;-129,899002;24,600000
"17.02.2021 13:40:29.402";533037533;837670008;1;-120,587997;25,299999
"17.02.2021 13:40:30.698";533037798;837670197;1;-124,805000;29,799999
"17.02.2021 13:40:32.087";533037828;837669933;1;-123,223999;28,900000
"17.02.2021 13:40:33.569";533037712;837669414;1;-124,160004;29,799999
"17.02.2021 13:40:35.070";533037578;837669197;1;-121,584000;30,500000
"17.02.2021 13:40:36.354";533037454;837669173;1;-118,655998;30,100000
"17.02.2021 13:40:37.689";533037342;837669302;1;-123,281998;31,700001
"17.02.2021 13:40:39.086";533037264;837669463;1;-120,237000;30,600000
"17.02.2021 13:40:40.436";533037248;837669566;1;-120,178001;31,799999
